City_ID,City,Country,Date,Lat,Lng,Max Temp,Humidity,Cloudiness,Wind Speed
0,Albany,US,2021-04-04 03:59:25,42.6001,-73.9662,35.01,68,74,3.71
1,New Norfolk,AU,2021-04-04 04:03:38,-42.7826,147.0587,68.0,44,66,8.99
2,Rikitea,PF,2021-04-04 04:03:38,-23.1203,-134.9692,78.03,57,28,21.34
3,Tuktoyaktuk,CA,2021-04-04 04:03:39,69.4541,-133.0374,-13.0,77,20,6.91
4,Mataura,NZ,2021-04-04 04:03:39,-46.1927,168.8643,60.01,74,79,23.0
5,Malangali,TZ,2021-04-04 04:03:39,-8.5667,34.85,61.5,95,78,5.99
6,Alice Springs,AU,2021-04-04 04:03:39,-23.7,133.8833,87.01,23,0,10.36
7,Lagoa,PT,2021-04-04 04:03:40,39.05,-27.9833,59.86,88,95,32.3
8,Upernavik,GL,2021-04-04 04:03:40,72.7868,-56.1549,-23.78,92,11,6.6
9,Ushuaia,AR,2021-04-04 04:03:40,-54.8,-68.3,35.6,75,40,4.61
10,Cherskiy,RU,2021-04-04 04:03:41,68.75,161.3,3.72,80,36,2.75
11,Biak,ID,2021-04-04 04:03:41,-0.9131,122.8766,85.3,66,33,0.98
12,Naze,JP,2021-04-04 04:03:41,28.3667,129.4833,71.6,94,75,13.8
13,Vangaindrano,MG,2021-04-04 04:03:42,-23.35,47.6,72.27,87,47,3.8
14,Saint-Philippe,RE,2021-04-04 04:03:42,-21.3585,55.7679,80.6,61,0,5.75
15,Butaritari,KI,2021-04-04 04:03:42,3.0707,172.7902,82.31,78,22,12.82
16,Shitanjing,CN,2021-04-04 04:03:43,39.2342,106.3439,47.48,52,87,11.74
17,Kahului,US,2021-04-04 04:03:43,20.8947,-156.47,73.4,83,40,17.27
18,Karasburg,NA,2021-04-04 04:03:43,-28.0167,18.75,71.42,26,0,6.31
19,Hobart,AU,2021-04-04 04:03:44,-42.8794,147.3294,68.0,32,40,18.41
20,Port Alfred,ZA,2021-04-04 04:03:44,-33.5906,26.891,60.22,80,0,7.58
21,Ayna,PE,2021-04-04 04:03:44,-12.65,-73.9167,56.82,89,95,2.53
22,Poum,NC,2021-04-04 04:03:44,-20.2333,164.0167,80.71,81,98,21.41
23,Tuatapere,NZ,2021-04-04 04:03:45,-46.1333,167.6833,60.01,74,70,23.0
24,Molchanovo,RU,2021-04-04 04:03:45,57.5817,83.7692,33.82,86,99,7.81
25,Hilo,US,2021-04-04 04:03:45,19.7297,-155.09,69.8,88,90,3.44
26,Puri,IN,2021-04-04 04:03:46,19.8,85.85,87.8,70,20,5.75
27,Tual,ID,2021-04-04 04:03:46,-5.6667,132.75,83.98,69,27,5.66
28,Paamiut,GL,2021-04-04 04:03:46,61.994,-49.6678,33.73,98,100,1.25
29,Kutum,SD,2021-04-04 04:03:47,14.2,24.6667,64.49,13,100,10.8
30,Marzuq,YE,2021-04-04 04:03:47,14.4,46.4667,74.55,16,73,2.48
31,Troitskoye,RU,2021-04-04 04:03:47,52.9821,84.6757,33.21,80,28,4.94
32,Jamestown,US,2021-04-04 04:03:48,42.097,-79.2353,46.0,36,90,9.22
33,Krasnoborsk,RU,2021-04-04 04:03:48,61.5598,45.934,30.22,85,86,3.09
34,Nikolskoye,RU,2021-04-04 04:03:48,59.7035,30.7861,34.0,80,0,4.47
35,Arraial Do Cabo,BR,2021-04-04 04:03:48,-22.9661,-42.0278,74.52,78,24,6.49
36,Kashary,RU,2021-04-04 04:03:49,49.04,41.0056,36.97,82,66,7.72
37,Warmbad,NA,2021-04-04 04:03:49,-28.45,18.7333,71.44,30,0,2.89
38,Dzilam Gonzalez,MX,2021-04-04 04:03:49,21.2833,-88.9333,70.34,78,11,8.84
39,Cockburn Town,TC,2021-04-04 04:03:50,21.4612,-71.1419,76.03,75,76,27.74
40,Adrar,MR,2021-04-04 04:03:50,20.5022,-10.0711,76.05,25,74,9.1
41,Balfour,ZA,2021-04-04 04:03:50,-26.6633,28.5902,59.0,82,54,5.01
42,Mar Del Plata,AR,2021-04-04 04:01:55,-38.0023,-57.5575,64.99,94,0,4.61
43,Victoria,HK,2021-04-04 04:03:08,22.2855,114.1577,79.0,84,26,5.01
44,Karratha,AU,2021-04-04 04:03:51,-20.7377,116.8463,96.26,22,73,10.98
45,Provideniya,RU,2021-04-04 04:03:51,64.3833,-173.3,9.43,82,100,5.26
46,Pevek,RU,2021-04-04 04:03:52,69.7008,170.3133,-8.32,95,97,6.2
47,Airai,TL,2021-04-04 04:03:52,-8.9266,125.4092,62.26,95,100,6.62
48,Vardo,NO,2021-04-04 04:03:52,70.3705,31.1107,34.09,79,100,8.7
49,Avera,US,2021-04-04 04:03:52,33.194,-82.5271,43.0,93,1,4.81
50,Vaini,TO,2021-04-04 04:03:53,-21.2,-175.2,77.0,88,75,4.61
51,Humaita,BR,2021-04-04 04:03:53,-7.5061,-63.0208,73.63,98,100,1.72
52,Hamilton,US,2021-04-04 04:03:28,39.1834,-84.5333,51.8,43,1,5.75
53,Bambous Virieux,MU,2021-04-04 04:03:53,-20.3428,57.7575,82.99,89,40,6.91
54,Salamanca,ES,2021-04-04 04:03:54,40.8333,-6.0,39.0,93,0,8.05
55,Ancud,CL,2021-04-04 04:03:54,-41.8697,-73.8203,46.99,100,20,2.3
56,Sitka,US,2021-04-04 04:03:54,57.0531,-135.33,37.4,75,90,4.61
57,Iqaluit,CA,2021-04-04 04:03:55,63.7506,-68.5145,5.0,61,90,2.3
58,Mayumba,GA,2021-04-04 04:03:55,-3.432,10.6554,75.78,93,100,4.52
59,Port Elizabeth,ZA,2021-04-04 04:03:17,-33.918,25.5701,55.4,94,0,3.44
60,Ulaangom,MN,2021-04-04 04:03:55,49.9811,92.0667,38.66,32,0,4.41
61,Atuona,PF,2021-04-04 04:03:56,-9.8,-139.0333,80.76,74,100,12.44
62,Napa,US,2021-04-04 04:02:15,38.4832,-122.3344,53.01,83,100,1.99
63,Katiola,CI,2021-04-04 04:03:56,8.1333,-5.1,75.2,88,46,9.22
64,Bredasdorp,ZA,2021-04-04 04:03:56,-34.5322,20.0403,50.0,93,0,4.16
65,Chokurdakh,RU,2021-04-04 04:03:57,70.6333,147.9167,-2.65,91,18,6.89
66,Conceicao Das Alagoas,BR,2021-04-04 04:03:57,-19.9147,-48.3883,73.4,60,0,3.44
67,Ostersund,SE,2021-04-04 04:03:57,63.1792,14.6357,39.2,65,75,19.57
68,Faanui,PF,2021-04-04 04:03:58,-16.4833,-151.75,82.83,70,16,6.04
69,Pinyug,RU,2021-04-04 04:03:58,60.251,47.7842,27.18,97,97,4.72
70,Georgetown,MY,2021-04-04 03:59:46,5.4112,100.3354,84.2,79,20,4.61
71,Tasiilaq,GL,2021-04-04 04:03:58,65.6145,-37.6368,15.8,48,0,6.91
72,Ostrovnoy,RU,2021-04-04 04:03:59,68.0531,39.5131,25.09,91,100,18.9
73,Tiksi,RU,2021-04-04 04:03:59,71.6872,128.8694,-8.79,97,100,7.38
74,Conde,BR,2021-04-04 04:03:59,-7.2597,-34.9075,75.2,100,0,3.44
75,Bluff,NZ,2021-04-04 04:04:00,-46.6,168.3333,60.01,74,43,23.0
76,Aklavik,CA,2021-04-04 04:04:00,68.2191,-135.0107,-2.2,71,96,4.61
77,Leningradskiy,RU,2021-04-04 04:04:00,69.3833,178.4167,-0.11,91,100,7.92
78,Vila Velha,BR,2021-04-04 04:04:01,-20.3297,-40.2925,71.6,88,0,2.3
79,De Aar,ZA,2021-04-04 04:04:01,-30.6497,24.0123,61.66,34,0,2.64
80,Punta Arenas,CL,2021-04-04 04:04:02,-53.15,-70.9167,39.2,70,0,11.5
81,Castro,BR,2021-04-04 04:04:02,-24.7911,-50.0119,54.95,99,51,3.83
82,Ndele,CF,2021-04-04 04:04:02,8.4109,20.6473,74.08,61,69,1.57
83,Barcelos,PT,2021-04-04 04:04:02,41.5388,-8.6151,55.4,100,90,3.44
84,Ramsar,IR,2021-04-04 04:04:03,36.9226,50.6426,46.4,100,0,5.97
85,Mahon,ES,2021-04-04 04:04:03,39.8885,4.2658,55.4,76,0,14.97
86,Mahebourg,MU,2021-04-04 04:04:03,-20.4081,57.7,78.8,89,40,6.91
87,San Patricio,US,2021-04-04 04:04:04,28.017,-97.5169,68.0,73,75,6.91
88,Banda Aceh,ID,2021-04-04 04:04:04,5.5577,95.3222,85.68,63,99,12.33
89,Srednekolymsk,RU,2021-04-04 04:04:04,67.45,153.6833,13.21,74,11,9.78
90,Petropavlovsk-Kamchatskiy,RU,2021-04-04 04:03:28,53.0452,158.6483,37.4,81,75,11.18
91,Zhirnov,RU,2021-04-04 04:04:05,48.1709,41.1261,39.2,79,81,8.21
92,Hami,CN,2021-04-04 04:04:05,42.8,93.45,61.75,6,100,14.76
93,Thompson,CA,2021-04-04 04:04:05,55.7435,-97.8558,30.2,64,1,2.3
94,Hermanus,ZA,2021-04-04 04:04:06,-34.4187,19.2345,62.01,94,0,4.34
95,Kapaa,US,2021-04-04 04:04:06,22.0752,-159.319,75.2,69,75,17.27
96,Hueytown,US,2021-04-04 04:00:29,33.4512,-86.9967,51.8,43,1,2.04
97,Kavaratti,IN,2021-04-04 04:04:06,10.5669,72.642,82.42,66,32,9.66
98,Hithadhoo,MV,2021-04-04 04:04:07,-0.6,73.0833,83.62,74,77,15.97
99,Kommunisticheskiy,RU,2021-04-04 04:04:07,61.6789,64.4819,32.23,96,100,7.87
100,Gat,IL,2021-04-04 04:04:07,31.61,34.7642,52.0,77,0,2.86
101,Zyryanka,RU,2021-04-04 04:04:08,65.75,150.85,13.1,72,63,4.52
102,Ribeira Grande,PT,2021-04-04 04:04:08,38.5167,-28.7,60.76,91,100,28.79
103,Huarmey,PE,2021-04-04 04:04:09,-10.0681,-78.1522,71.38,79,51,6.44
104,Norman Wells,CA,2021-04-04 04:04:09,65.282,-126.8329,12.2,57,75,4.61
105,Busselton,AU,2021-04-04 04:04:09,-33.65,115.3333,74.88,59,100,20.96
106,Qaanaaq,GL,2021-04-04 04:04:09,77.484,-69.3632,-21.05,73,19,8.9
107,Isangel,VU,2021-04-04 04:04:10,-19.55,169.2667,80.6,83,90,6.91
108,Nouadhibou,MR,2021-04-04 04:04:10,20.931,-17.0347,66.2,77,100,26.46
109,Mehamn,NO,2021-04-04 04:04:10,71.0357,27.8492,30.31,85,100,16.75
110,Laguna,US,2021-04-04 04:04:11,38.421,-121.4238,55.0,62,1,12.66
111,Tilichiki,RU,2021-04-04 04:04:11,60.4667,166.1,10.15,76,35,8.19
112,Sao Filipe,CV,2021-04-04 04:04:11,14.8961,-24.4956,73.87,70,100,9.35
113,Fenelon Falls,CA,2021-04-04 04:04:12,44.5334,-78.7496,35.6,87,95,6.91
114,Kabinda,CD,2021-04-04 04:04:12,-6.1333,24.4833,66.07,93,92,2.1
115,Pankrushikha,RU,2021-04-04 04:04:12,53.8319,80.3406,30.15,82,5,5.82
116,Peleduy,RU,2021-04-04 04:04:13,59.6289,112.7406,26.98,85,100,5.86
117,San Cristobal,VE,2021-04-04 04:04:13,7.7669,-72.225,67.82,83,83,1.43
118,Clyde River,CA,2021-04-04 04:01:52,70.4692,-68.5914,-11.2,84,75,14.97
119,Avarua,CK,2021-04-04 04:04:13,-21.2078,-159.775,82.4,74,20,13.8
120,Lethem,GY,2021-04-04 04:04:14,3.3803,-59.7968,78.35,79,100,10.29
121,Guiratinga,BR,2021-04-04 04:04:14,-16.3494,-53.7583,73.02,81,66,2.3
122,Redmond,US,2021-04-04 04:00:12,47.674,-122.1215,52.0,83,100,3.6
123,Cape Town,ZA,2021-04-04 04:01:35,-33.9258,18.4232,64.99,94,75,5.75
124,Floriano,BR,2021-04-04 04:04:14,-6.7669,-43.0225,77.2,73,57,0.98
125,Graham,US,2021-04-04 04:04:15,47.0529,-122.2943,55.4,54,90,3.44
126,Amboasary,MG,2021-04-04 04:04:15,-25.0333,46.3833,71.6,94,40,2.33
127,Bathsheba,BB,2021-04-04 04:04:15,13.2167,-59.5167,78.8,61,40,21.85
128,Bethel,US,2021-04-04 04:01:09,41.3712,-73.414,35.01,55,1,4.61
129,Vilaka,LV,2021-04-04 04:04:16,57.1846,27.6722,29.7,89,55,6.6
130,Prince Rupert,CA,2021-04-04 04:03:04,54.3161,-130.3201,41.0,75,20,9.22
131,Lahij,YE,2021-04-04 04:04:16,13.1667,44.5833,74.64,45,61,1.99
132,Harwich,GB,2021-04-04 04:00:53,51.9419,1.2844,42.01,68,62,4.0
133,Hasaki,JP,2021-04-04 04:02:41,35.7333,140.8333,73.0,53,75,14.97
134,Saldanha,ZA,2021-04-04 04:04:16,-33.0117,17.9442,64.4,88,0,8.05
135,Porto Nacional,BR,2021-04-04 04:04:17,-10.7081,-48.4172,75.2,94,20,4.61
136,Alofi,NU,2021-04-04 04:04:17,-19.0595,-169.9187,84.2,74,25,6.91
137,Biltine,TD,2021-04-04 04:04:17,14.5333,20.9167,78.31,11,100,20.49
138,Sydney,AU,2021-04-04 03:59:58,-33.8679,151.2073,82.99,51,0,9.22
139,Rivadavia,AR,2021-04-04 04:04:18,-33.1905,-68.4608,69.8,68,20,2.3
140,Kailua,US,2021-04-04 04:04:18,21.4022,-157.7394,75.2,60,20,19.57
141,Cabo San Lucas,MX,2021-04-04 04:00:02,22.8909,-109.9124,80.6,38,1,8.05
142,Longyearbyen,SJ,2021-04-04 04:01:36,78.2186,15.6401,24.8,86,90,33.38
143,Dikson,RU,2021-04-04 04:04:19,73.5069,80.5464,-6.95,78,98,3.98
144,Puerto Ayora,EC,2021-04-04 04:04:19,-0.7393,-90.3518,75.99,95,69,4.0
145,George Town,MY,2021-04-04 04:02:04,5.4112,100.3354,84.2,79,20,4.61
146,Port Hawkesbury,CA,2021-04-04 04:04:19,45.6169,-61.3485,30.99,93,90,9.22
147,Zhoucheng,CN,2021-04-04 04:04:20,35.9122,116.3117,62.11,18,0,7.65
148,Urumqi,CN,2021-04-04 04:04:20,43.801,87.6005,44.6,53,0,4.47
149,Kiruna,SE,2021-04-04 04:04:20,67.8557,20.2251,30.2,80,90,12.66
150,Malinyi,TZ,2021-04-04 04:04:21,-8.9333,36.1333,70.45,98,97,1.25
151,Altay,CN,2021-04-04 04:04:21,47.8667,88.1167,45.86,42,20,2.01
152,Sola,VU,2021-04-04 04:04:21,-13.8833,167.55,84.2,89,90,4.61
153,Kemijarvi,FI,2021-04-04 04:04:22,66.7131,27.4306,31.14,97,100,8.25
154,Morant Bay,JM,2021-04-04 04:04:22,17.8815,-76.4093,77.0,88,75,6.91
155,Pisco,PE,2021-04-04 04:04:22,-13.7,-76.2167,73.4,78,0,3.44
156,Sabang,ID,2021-04-04 04:04:22,5.8933,95.3214,83.03,71,100,17.45
157,Clermont,FR,2021-04-04 04:04:23,49.5,2.4167,35.6,87,0,8.05
158,Busca,IT,2021-04-04 04:04:23,44.5181,7.4743,50.0,66,90,4.61
159,Kurumkan,RU,2021-04-04 04:04:23,54.3,110.3,38.82,64,80,8.63
160,Roanoke Rapids,US,2021-04-04 04:01:33,36.4615,-77.6542,39.99,100,1,6.08
161,Muros,ES,2021-04-04 04:04:24,42.7762,-9.0603,51.01,61,0,10.27
162,Sydney Mines,CA,2021-04-04 04:04:24,46.2367,-60.2177,37.0,100,90,8.05
163,Cap Malheureux,MU,2021-04-04 04:04:24,-19.9842,57.6142,82.99,75,13,8.01
164,East London,ZA,2021-04-04 04:04:25,-33.0153,27.9116,57.2,88,0,2.3
165,Aleksandrovsk-Sakhalinskiy,RU,2021-04-04 04:04:25,50.8975,142.1561,31.23,69,48,16.44
166,Barrow,US,2021-04-04 04:04:25,71.2906,-156.7887,-9.4,70,1,8.05
167,Port-Gentil,GA,2021-04-04 04:04:26,-0.7193,8.7815,80.37,81,100,10.8
168,Erenhot,CN,2021-04-04 04:04:26,43.6475,111.9767,49.35,17,65,9.33
169,Tabou,CI,2021-04-04 04:04:26,4.423,-7.3528,78.28,90,49,4.76
170,Staroutkinsk,RU,2021-04-04 04:04:27,57.2302,59.3348,33.73,93,100,4.18
171,Yellowknife,CA,2021-04-04 04:00:18,62.456,-114.3525,10.4,56,75,6.91
172,Saint-Francois,FR,2021-04-04 04:04:27,46.4154,3.9054,36.0,73,1,4.09
173,Beloha,MG,2021-04-04 04:04:27,-25.1667,45.05,71.47,84,64,4.05
174,Waldoboro,US,2021-04-04 04:04:28,44.0954,-69.3756,35.6,41,1,5.21
175,Staryy Nadym,RU,2021-04-04 04:04:28,65.6118,72.6842,31.15,98,100,7.78
176,Padang,ID,2021-04-04 04:01:03,-0.9492,100.3543,84.2,65,75,1.14
177,Forest Grove,US,2021-04-04 04:04:28,45.5198,-123.1107,57.0,62,75,9.22
178,Big Bend,SZ,2021-04-04 04:04:29,-26.8167,31.9333,61.21,90,41,2.95
179,Fare,PF,2021-04-04 04:04:29,-16.7,-151.0167,82.49,71,9,6.62
180,Tanout,NE,2021-04-04 04:04:29,14.9709,8.8879,66.74,15,0,10.71
181,Kysyl-Syr,RU,2021-04-04 04:04:30,63.8986,122.7617,4.44,79,98,3.67
182,Torbay,CA,2021-04-04 04:03:18,47.6666,-52.7314,37.0,100,90,11.5
183,Ponta Do Sol,PT,2021-04-04 04:04:30,32.6667,-17.1,57.99,68,59,1.99
184,Amahai,ID,2021-04-04 04:04:30,-3.3333,128.9167,89.2,60,36,6.71
185,Grants,US,2021-04-04 04:04:31,35.1473,-107.8514,50.0,34,90,3.44
186,Pontes E Lacerda,BR,2021-04-04 04:03:44,-15.2261,-59.3353,73.06,92,99,1.32
187,Asilah,MA,2021-04-04 04:04:31,35.465,-6.0348,55.4,76,40,2.3
188,Caravelas,BR,2021-04-04 04:04:31,-17.7125,-39.2481,75.83,83,100,4.09
189,Plaster Rock,CA,2021-04-04 04:04:31,46.9065,-67.39,26.6,68,1,6.91
190,Chase,CA,2021-04-04 04:04:32,50.8165,-119.6857,44.6,70,100,3.44
191,Nyurba,RU,2021-04-04 04:04:32,63.2842,118.3319,3.88,79,100,4.25
192,Carthage,TN,2021-04-04 04:04:33,36.8611,10.3316,59.0,77,20,5.75
193,Iwaki,JP,2021-04-04 04:02:56,37.05,140.8833,72.0,68,88,3.0
194,Yarada,IN,2021-04-04 04:04:33,17.65,83.2667,84.76,71,31,5.48
195,Guerrero Negro,MX,2021-04-04 03:59:57,27.9769,-114.0611,60.33,83,0,13.65
196,Ondo,NG,2021-04-04 04:04:33,7.1,4.8333,73.47,99,66,1.39
197,Soma,TR,2021-04-04 04:04:34,39.1855,27.6094,55.4,67,40,4.03
198,Vestmannaeyjar,IS,2021-04-04 04:04:34,63.4427,-20.2734,33.08,66,19,29.89
199,Hammelburg,DE,2021-04-04 04:04:34,50.1167,9.9,32.0,84,16,1.01
200,Surt,LY,2021-04-04 04:04:34,31.2089,16.5887,69.69,28,5,15.73
201,Vanavara,RU,2021-04-04 04:04:35,60.34,102.2797,26.64,85,100,8.72
202,Glace Bay,CA,2021-04-04 04:04:35,46.1969,-59.957,36.0,100,90,8.05
203,Narsaq,GL,2021-04-04 04:04:35,60.9167,-46.05,37.4,87,90,4.61
204,Toora-Khem,RU,2021-04-04 04:04:36,52.4675,96.11,38.32,62,71,2.51
205,College,US,2021-04-04 04:04:36,64.8569,-147.8028,28.99,86,90,3.44
206,Santa Rosa,PH,2021-04-04 04:04:36,14.3122,121.1114,90.0,58,75,5.75
207,Manitouwadge,CA,2021-04-04 04:04:37,49.1215,-85.8403,31.21,97,92,2.46
208,Ilinskiy,RU,2021-04-04 04:04:37,55.619,38.1182,36.0,93,22,2.24
209,Goya,AR,2021-04-04 04:01:44,-29.14,-59.2626,65.59,77,92,4.34
210,Loukhi,RU,2021-04-04 04:04:37,66.0764,33.0381,27.99,88,100,9.15
211,Rocha,UY,2021-04-04 04:04:38,-34.4833,-54.3333,59.77,94,0,3.78
212,Banjar,ID,2021-04-04 04:04:38,-8.19,114.9675,84.2,74,20,5.75
213,Elat,IL,2021-04-04 04:00:40,29.5581,34.9482,55.4,44,0,11.5
214,Elverum,NO,2021-04-04 04:04:38,60.8819,11.5623,28.0,92,64,2.01
215,Uray,RU,2021-04-04 04:04:39,60.1247,64.7758,33.84,87,100,9.51
216,Qasigiannguit,GL,2021-04-04 04:04:39,68.8193,-51.1922,-0.4,60,33,8.05
217,Port-Cartier,CA,2021-04-04 04:04:39,50.0334,-66.8654,23.0,79,75,3.44
218,Port Angeles,US,2021-04-04 04:04:40,48.1181,-123.4307,46.4,81,90,20.71
219,Tevriz,RU,2021-04-04 04:04:40,57.509,72.4042,34.27,79,100,8.72
220,Wufeng,CN,2021-04-04 04:04:40,27.45,104.8333,48.88,78,100,4.72
221,Teeli,RU,2021-04-04 04:04:41,51.0333,90.2333,39.81,21,6,2.46
222,Muravlenko,RU,2021-04-04 04:04:41,63.7898,74.523,32.83,99,100,14.36
223,Owando,CG,2021-04-04 04:04:41,-0.4819,15.8999,69.24,91,99,0.4
224,Baringo,KE,2021-04-04 04:04:41,0.4667,35.9667,71.29,70,73,4.32
225,Arlit,NE,2021-04-04 04:04:42,18.7369,7.3853,70.36,11,0,8.7
226,Saint-Pierre,RE,2021-04-04 04:04:42,-21.3393,55.4781,80.6,61,0,5.75
227,Rolla,US,2021-04-04 04:04:42,37.9514,-91.7713,57.2,54,1,10.36
228,Flin Flon,CA,2021-04-04 04:04:43,54.7682,-101.865,27.41,95,15,3.49
229,Khatanga,RU,2021-04-04 04:04:43,71.9667,102.5,-1.05,78,8,7.58
230,Mahajanga,MG,2021-04-04 04:04:44,-15.7167,46.3167,75.2,94,20,3.44
231,Grand Gaube,MU,2021-04-04 04:04:44,-20.0064,57.6608,82.99,75,13,8.01
232,Atbasar,KZ,2021-04-04 04:04:44,51.8,68.3333,34.32,90,100,11.07
233,Kavieng,PG,2021-04-04 04:04:44,-2.5744,150.7967,83.62,72,100,6.02
234,Terenos,BR,2021-04-04 04:04:45,-20.4422,-54.8603,77.0,53,0,10.36
235,Labuan,MY,2021-04-04 04:04:45,5.2767,115.2417,87.8,74,20,3.44
236,Tambo Grande,PE,2021-04-04 04:04:45,-4.9269,-80.3447,77.59,69,93,2.35
237,Mehran,IR,2021-04-04 04:04:46,33.1222,46.1646,37.4,60,0,4.61
238,Lebu,CL,2021-04-04 04:04:46,-37.6167,-73.65,52.75,91,3,9.51
239,Brae,GB,2021-04-04 04:04:46,60.3964,-1.353,44.6,93,90,33.38
240,Honiara,SB,2021-04-04 04:04:46,-9.4333,159.95,85.14,78,94,5.12
241,Port Hardy,CA,2021-04-04 04:00:28,50.6996,-127.4199,41.0,81,40,3.44
242,Bengkulu,ID,2021-04-04 04:04:47,-3.8004,102.2655,82.56,70,92,18.37
243,Sao Felix Do Xingu,BR,2021-04-04 04:04:47,-6.6447,-51.995,74.07,90,99,1.32
244,Cidreira,BR,2021-04-04 04:04:48,-30.1811,-50.2056,71.67,78,56,16.17
245,Yulara,AU,2021-04-04 04:04:48,-25.2406,130.9889,87.8,19,0,10.36
246,Souillac,MU,2021-04-04 04:04:48,-20.5167,57.5167,78.8,89,40,6.91
247,Yumen,CN,2021-04-04 04:04:49,40.2833,97.2,46.51,39,100,18.72
248,Najran,SA,2021-04-04 04:04:49,17.4924,44.1277,66.2,26,36,13.8
249,Beringovskiy,RU,2021-04-04 04:04:49,63.05,179.3167,5.07,83,100,17.52
250,Auki,SB,2021-04-04 04:04:50,-8.7676,160.7034,87.78,60,58,2.73
251,Muncar,ID,2021-04-04 04:04:50,-8.4333,114.3333,85.44,72,88,5.1
252,Yar-Sale,RU,2021-04-04 04:04:50,66.8333,70.8333,23.14,97,100,2.77
253,Tomatlan,MX,2021-04-04 04:04:51,19.9333,-105.25,69.46,77,35,1.28
254,Nanortalik,GL,2021-04-04 04:04:51,60.1432,-45.2371,35.13,90,100,11.61
255,Rio Grande,BR,2021-04-04 04:01:17,-32.035,-52.0986,68.0,92,0,11.25
256,Lufilufi,WS,2021-04-04 04:04:51,-13.8745,-171.5986,89.6,74,40,8.05
257,Bagdarin,RU,2021-04-04 04:04:52,54.4333,113.6,35.4,45,99,11.23
258,Gorlice,PL,2021-04-04 04:04:52,49.6556,21.1604,33.01,95,27,4.0
259,Talnakh,RU,2021-04-04 04:04:52,69.4865,88.3972,-2.88,74,4,10.98
260,Sur,OM,2021-04-04 04:04:53,22.5667,59.5289,87.28,43,6,4.18
261,Ilulissat,GL,2021-04-04 04:04:53,69.2167,-51.1,-0.4,60,3,8.05
262,Llata,PE,2021-04-04 04:04:53,-9.4167,-76.7833,51.89,94,98,2.37
263,Takoradi,GH,2021-04-04 04:04:54,4.8845,-1.7554,78.76,89,17,4.54
264,Kamenskiy,RU,2021-04-04 04:04:54,50.8855,45.488,33.08,86,100,15.17
265,Boffa,GN,2021-04-04 04:04:54,10.1667,-14.0333,73.94,94,40,2.66
266,Abu Kamal,SY,2021-04-04 04:04:55,34.4506,40.9171,56.17,64,2,4.54
267,Kaitangata,NZ,2021-04-04 04:04:55,-46.2817,169.8464,64.0,61,42,21.99
268,Watsa,CD,2021-04-04 04:04:55,3.0372,29.5355,66.83,78,100,3.31
269,Zhigansk,RU,2021-04-04 04:04:56,66.7697,123.3711,-3.95,84,99,5.46
270,Sidi Ali,DZ,2021-04-04 04:04:56,36.0998,0.4206,52.48,81,0,4.99
271,Ridgecrest,US,2021-04-04 04:04:56,35.6225,-117.6709,75.99,8,1,3.44
272,Avallon,FR,2021-04-04 04:04:57,47.4833,3.9,33.01,77,0,5.03
273,Olafsvik,IS,2021-04-04 04:04:57,64.8945,-23.7142,26.01,75,72,21.23
274,Zakamensk,RU,2021-04-04 04:04:57,50.3741,103.2863,44.92,28,8,5.73
275,Los Llanos De Aridane,ES,2021-04-04 04:04:58,28.6585,-17.9182,64.4,68,75,5.75
276,Manga,BF,2021-04-04 04:04:58,11.6636,-1.0731,79.45,11,9,7.11
277,Myatlevo,RU,2021-04-04 04:04:58,54.8969,35.6762,24.8,93,69,3.87
278,Angoram,PG,2021-04-04 04:04:59,-4.0625,144.0661,79.61,84,100,1.43
279,Koslan,RU,2021-04-04 04:04:59,63.4564,48.8989,28.89,92,98,1.16
280,Sinnamary,GF,2021-04-04 04:04:59,5.3833,-52.95,77.31,89,99,12.75
281,Bay-Khaak,RU,2021-04-04 04:05:00,51.1667,94.5,34.74,57,71,1.1
282,Pangody,RU,2021-04-04 04:05:00,65.85,74.4859,30.27,96,100,8.03
283,Astoria,US,2021-04-04 04:00:59,46.1879,-123.8313,52.0,87,75,4.61
284,Asau,RO,2021-04-04 04:05:00,46.4333,26.4,39.2,87,75,8.05
285,Dingle,PH,2021-04-04 04:05:01,10.9995,122.6711,88.54,53,34,15.05
286,Lasa,IT,2021-04-04 04:05:01,46.6166,10.7002,34.0,74,0,10.36
287,Changde,CN,2021-04-04 04:05:01,29.0464,111.6783,55.98,75,97,11.18
288,Fortuna,US,2021-04-04 04:05:02,40.5982,-124.1573,51.01,87,90,6.91
289,Axim,GH,2021-04-04 04:05:02,4.8699,-2.2405,78.75,89,13,4.79
290,Nizhniy Kuranakh,RU,2021-04-04 04:05:03,58.8353,125.4869,23.54,69,100,3.27
291,Mogadishu,SO,2021-04-04 04:05:03,2.0371,45.3438,82.47,76,20,11.52
292,Bandarbeyla,SO,2021-04-04 04:05:03,9.4942,50.8122,78.42,75,100,2.62
293,Udachnyy,RU,2021-04-04 04:01:30,66.4167,112.4,-4.85,86,97,9.53
294,Sao Joao Da Barra,BR,2021-04-04 04:05:04,-21.6403,-41.0511,71.35,89,39,7.83
295,Severo-Kurilsk,RU,2021-04-04 04:05:04,50.6789,156.125,33.48,82,69,24.27
296,Lorengau,PG,2021-04-04 04:05:04,-2.0226,147.2712,82.0,81,80,10.67
297,Carnarvon,AU,2021-04-04 04:05:05,-24.8667,113.6333,84.2,61,0,18.41
298,Saskylakh,RU,2021-04-04 04:05:05,71.9167,114.0833,-8.1,92,16,2.53
299,Havre-Saint-Pierre,CA,2021-04-04 04:05:06,50.2334,-63.5986,26.6,68,90,5.75
300,Baks,HU,2021-04-04 04:05:06,46.543,20.1021,37.99,93,0,4.61
301,Klaksvik,FO,2021-04-04 04:05:06,62.2266,-6.589,44.6,93,90,31.07
302,Tabory,RU,2021-04-04 04:05:06,58.5198,64.5495,35.29,84,94,8.1
303,Shingu,JP,2021-04-04 04:05:07,33.7333,135.9833,66.2,88,75,9.22
304,Emerald,AU,2021-04-04 04:05:07,-23.5333,148.1667,80.6,61,90,13.8
305,Kenai,US,2021-04-04 04:05:07,60.5544,-151.2583,41.0,80,40,3.44
306,Haines Junction,CA,2021-04-04 04:05:08,60.7522,-137.5108,30.2,51,71,9.22
307,Thinadhoo,MV,2021-04-04 04:05:08,0.5333,72.9333,83.41,75,1,14.47
308,Kangaatsiaq,GL,2021-04-04 04:05:08,68.3065,-53.4641,5.99,85,49,22.91
309,Sisimiut,GL,2021-04-04 04:05:09,66.9395,-53.6735,9.41,62,100,16.13
310,Chuy,UY,2021-04-04 04:05:09,-33.6971,-53.4616,64.49,90,1,6.6
311,Merauke,ID,2021-04-04 04:05:09,-8.4667,140.3333,80.55,82,100,9.64
312,Diffa,NE,2021-04-04 04:05:10,13.3154,12.6113,72.75,17,2,9.31
313,Fairbanks,US,2021-04-04 04:05:02,64.8378,-147.7164,30.0,93,90,4.61
314,Andenes,NO,2021-04-04 04:05:10,69.3143,16.1194,30.99,93,100,8.05
315,Kawalu,ID,2021-04-04 04:05:10,-7.3817,108.2082,87.78,58,71,2.19
316,Santa Cruz,BO,2021-04-04 04:00:20,-17.8,-63.1667,71.6,100,90,4.61
317,Vao,NC,2021-04-04 04:05:11,-22.6667,167.4833,76.21,68,55,22.86
318,Nome,US,2021-04-04 04:05:11,64.5011,-165.4064,24.8,80,90,5.75
319,Kruisfontein,ZA,2021-04-04 04:05:11,-34.0033,24.7314,60.73,42,0,6.4
320,Nasirabad,IN,2021-04-04 04:05:12,26.3,74.7333,85.82,5,0,9.35
321,Iberia,US,2021-04-04 04:05:12,29.9502,-91.7507,59.0,82,75,4.27
322,Northam,GB,2021-04-04 04:05:12,51.0333,-4.2167,37.99,91,13,3.44
323,The Valley,AI,2021-04-04 04:05:13,18.217,-63.0578,78.8,78,40,6.91
324,San Quintin,MX,2021-04-04 04:05:13,30.4833,-115.95,59.67,81,16,13.67
325,Zonguldak,TR,2021-04-04 04:05:13,41.25,31.8333,44.13,78,18,4.54
326,San Pedro,PH,2021-04-04 04:05:14,14.35,121.0167,90.0,58,75,5.75
327,Balkhash,KZ,2021-04-04 04:05:14,46.844,74.9804,42.8,61,0,17.9
328,Salalah,OM,2021-04-04 04:04:15,17.0151,54.0924,78.8,61,0,2.3
329,Homer,US,2021-04-04 04:05:14,59.6425,-151.5483,39.2,81,90,11.5
330,Namibe,AO,2021-04-04 04:05:15,-15.1961,12.1522,76.33,85,58,4.23
331,Necochea,AR,2021-04-04 04:05:15,-38.5473,-58.7368,61.0,88,4,5.99
332,Kaeo,NZ,2021-04-04 04:05:15,-35.1,173.7833,75.99,51,12,8.99
333,Taga,RO,2021-04-04 04:05:16,46.95,24.05,32.0,93,0,3.44
334,Dudinka,RU,2021-04-04 04:05:16,69.4058,86.1778,2.03,78,74,7.45
335,Andros Town,BS,2021-04-04 04:05:16,24.7,-77.7667,68.0,64,75,14.97
336,Chalus,IR,2021-04-04 04:05:17,36.655,51.4204,48.2,87,0,4.61
337,Ugoofaaru,MV,2021-04-04 04:05:17,5.6667,73.0,83.97,65,4,7.43
338,Half Moon Bay,US,2021-04-04 04:05:17,37.4636,-122.4286,52.0,76,1,4.61
339,Inuvik,CA,2021-04-04 04:05:17,68.3499,-133.7218,-2.2,71,89,4.61
340,Anchorage,US,2021-04-04 04:03:16,61.2181,-149.9003,37.0,64,90,6.91
341,Kathmandu,NP,2021-04-04 04:00:47,27.7167,85.3167,64.4,32,20,2.3
342,Puerto Del Rosario,ES,2021-04-04 04:05:18,28.5004,-13.8627,64.4,59,90,12.66
343,Rabo De Peixe,PT,2021-04-04 04:05:18,37.8,-25.5833,60.8,88,75,23.02
344,Kodiak,US,2021-04-04 04:05:19,57.79,-152.4072,44.6,65,1,1.86
345,Saint George,US,2021-04-04 04:05:19,37.1041,-113.5841,72.0,16,1,4.61
346,Imeni Karla Libknekhta,RU,2021-04-04 04:05:19,51.6232,35.4775,30.99,86,0,4.47
347,Blyth,GB,2021-04-04 04:05:20,55.1271,-1.5086,41.0,87,65,13.8
348,Ketchikan,US,2021-04-04 04:05:20,55.3422,-131.6461,31.5,92,23,3.8
349,Tokur,RU,2021-04-04 04:05:20,53.1333,132.9,22.24,66,20,7.58
350,Kloulklubed,PW,2021-04-04 04:05:20,7.0419,134.2556,86.0,74,75,10.36
351,Ginir,ET,2021-04-04 04:05:21,7.1333,40.7,61.0,71,24,4.94
352,Bhavani,IN,2021-04-04 04:05:21,11.45,77.6833,86.0,54,20,2.3
353,Codrington,AU,2021-04-04 04:05:21,-38.2667,141.9667,65.97,65,27,13.27
354,Palaikastron,GR,2021-04-04 04:05:22,35.2,26.25,55.99,82,7,13.24
355,Taoudenni,ML,2021-04-04 04:05:22,22.6783,-3.9836,82.44,17,96,5.17
356,Raga,SS,2021-04-04 04:05:22,8.4596,25.678,71.35,24,14,3.53
357,Da Nang,VN,2021-04-04 04:02:24,16.0678,108.2208,86.0,70,20,9.22
358,Vasto,IT,2021-04-04 04:05:23,42.1243,14.7059,45.0,80,87,5.01
359,Muzhi,RU,2021-04-04 04:05:23,65.3667,64.6667,22.1,95,100,6.04
360,Harper,LR,2021-04-04 04:03:02,4.375,-7.7169,78.4,88,53,5.12
361,Sharjah,AE,2021-04-04 04:05:24,25.3573,55.4033,75.2,73,0,6.91
362,Dahanu,IN,2021-04-04 04:05:24,19.9667,72.7333,82.06,62,10,5.03
363,Atar,MR,2021-04-04 04:05:24,20.5169,-13.0499,78.62,19,62,8.68
364,Luderitz,NA,2021-04-04 04:05:25,-26.6481,15.1594,69.1,54,4,13.89
365,San Felipe,VE,2021-04-04 04:04:45,10.3399,-68.7425,70.3,92,100,4.16
366,Milton,US,2021-04-04 04:00:32,34.1322,-84.3007,46.0,69,0,2.33
367,Toyokawa,JP,2021-04-04 04:05:25,34.8167,137.4,64.99,58,95,4.07
368,Villarrica,PY,2021-04-04 04:05:26,-25.75,-56.4333,69.12,73,76,2.82
369,Evensk,RU,2021-04-04 04:05:26,61.95,159.2333,13.51,63,80,17.18
370,Lichinga,MZ,2021-04-04 04:05:26,-13.3128,35.2406,62.6,100,75,10.36
371,Khandyga,RU,2021-04-04 04:05:26,62.6667,135.6,6.42,75,100,2.84
372,Vila Do Maio,CV,2021-04-04 04:05:27,15.1333,-23.2167,75.2,43,0,18.41
373,Eureka,US,2021-04-04 04:05:27,40.8021,-124.1637,51.01,80,100,3.0
374,Saint Anthony,US,2021-04-04 04:05:27,45.0205,-93.218,57.2,43,1,2.73
375,Betioky,MG,2021-04-04 04:05:28,-23.7167,44.3833,69.35,89,0,0.98
376,Sabha,LY,2021-04-04 04:05:28,27.0377,14.4283,64.99,17,0,12.91
377,Mpulungu,ZM,2021-04-04 04:05:28,-8.7623,31.1141,69.48,85,91,7.87
378,Nemuro,JP,2021-04-04 04:03:31,43.3236,145.575,39.2,100,75,5.75
379,Qaqortoq,GL,2021-04-04 04:05:29,60.7167,-46.0333,37.4,87,90,4.61
380,Araouane,ML,2021-04-04 04:05:29,18.9048,-3.5265,78.55,6,2,8.08
381,Comodoro Rivadavia,AR,2021-04-04 04:05:29,-45.8667,-67.5,59.0,72,0,2.3
382,Gillette,US,2021-04-04 04:05:30,44.2911,-105.5022,54.0,37,1,6.91
383,Rio Gallegos,AR,2021-04-04 04:05:30,-51.6226,-69.2181,35.6,75,0,5.75
384,Dhidhdhoo,MV,2021-04-04 04:05:30,6.8833,73.1,83.82,63,10,10.54
385,Huambo,AO,2021-04-04 04:05:31,-12.7761,15.7392,56.91,94,99,2.08
386,Luanda,AO,2021-04-04 04:02:41,-8.8368,13.2343,77.0,94,75,3.44
387,Mulki,IN,2021-04-04 04:05:31,13.1,74.8,84.2,70,20,9.22
388,Xichang,CN,2021-04-04 04:05:32,27.8964,102.2634,70.68,25,69,4.18
389,Aliwal North,ZA,2021-04-04 04:05:32,-30.6937,26.7114,51.96,50,1,2.17
390,Parchim,DE,2021-04-04 04:05:32,53.4263,11.8488,33.01,90,2,5.95
391,Jaguaruna,BR,2021-04-04 04:05:32,-28.615,-49.0256,66.2,90,17,4.97
392,Astana,KZ,2021-04-04 04:03:02,51.1801,71.446,33.8,75,0,17.9
393,La Ronge,CA,2021-04-04 04:03:08,55.1001,-105.2842,32.0,43,48,4.09
394,Kholm,RU,2021-04-04 04:05:33,59.2667,32.85,27.88,98,65,4.54
395,Margate,GB,2021-04-04 04:01:50,51.3813,1.3862,42.01,70,100,1.99
396,Lampazos De Naranjo,MX,2021-04-04 04:05:33,27.0167,-100.5167,66.42,70,79,11.14
397,Predivinsk,RU,2021-04-04 04:05:34,57.0669,93.4378,34.84,98,100,5.14
398,Hornepayne,CA,2021-04-04 04:05:34,49.2138,-84.7705,33.46,96,100,4.12
399,Cairns,AU,2021-04-04 04:04:45,-16.9167,145.7667,82.4,69,75,13.8
400,Weiser,US,2021-04-04 04:05:34,44.251,-116.9693,62.6,27,1,5.75
401,Todos Santos,MX,2021-04-04 04:05:35,23.45,-110.2167,66.99,83,65,3.69
402,Porbandar,IN,2021-04-04 04:05:35,21.6422,69.6093,80.6,83,40,4.61
403,Shache,CN,2021-04-04 04:05:35,38.4167,77.2406,50.68,41,27,5.82
404,Alvaraes,BR,2021-04-04 04:05:35,-3.2208,-64.8042,73.94,98,98,2.59
405,Camana,PE,2021-04-04 04:05:36,-16.6228,-72.7111,70.2,86,100,7.87
406,Bagotville,AU,2021-04-04 04:05:36,-28.9833,153.4167,71.6,83,75,8.05
407,Haveli,PK,2021-04-04 04:02:21,30.4502,73.6989,83.53,6,4,6.13
408,Fort Nelson,CA,2021-04-04 04:05:36,58.8053,-122.7002,37.4,48,40,2.3
409,Isla Vista,US,2021-04-04 04:05:37,34.4133,-119.861,60.01,88,1,3.44
410,Willowmore,ZA,2021-04-04 04:05:37,-33.2926,23.4895,58.08,40,0,2.26
411,Esfahan,IR,2021-04-04 04:05:37,32.6572,51.6776,42.8,33,0,11.5
412,Mount Gambier,AU,2021-04-04 04:05:38,-37.8333,140.7667,71.6,56,4,14.97
413,Tautira,PF,2021-04-04 04:05:38,-17.7333,-149.15,86.0,74,20,4.61
414,Thurso,GB,2021-04-04 04:05:38,58.5927,-3.5259,39.2,81,14,6.91
415,Paranaiba,BR,2021-04-04 04:05:39,-19.6772,-51.1908,69.03,46,40,6.22
416,Maragogi,BR,2021-04-04 04:03:33,-9.0122,-35.2225,77.16,87,30,5.99
417,Dolinsk,RU,2021-04-04 04:05:39,47.35,142.8,42.8,33,53,11.18
418,Talara,PE,2021-04-04 04:05:39,-4.5772,-81.2719,72.1,81,99,6.71
419,Gien,FR,2021-04-04 04:05:40,47.6933,2.6309,37.99,79,0,7.83
420,Mount Isa,AU,2021-04-04 04:05:40,-20.7333,139.5,89.6,27,10,16.11
421,Portree,GB,2021-04-04 04:05:40,57.4129,-6.1942,42.01,82,11,5.99
422,Te Anau,NZ,2021-04-04 04:05:41,-45.4167,167.7167,58.64,88,99,9.22
423,Kieta,PG,2021-04-04 04:01:20,-6.2167,155.6333,83.59,76,95,3.44
424,Aripuana,BR,2021-04-04 04:05:41,-9.1667,-60.6333,72.25,98,100,1.01
425,Bastia,FR,2021-04-04 04:05:41,42.6667,9.3333,55.4,62,0,10.36
426,Jumla,NP,2021-04-04 04:05:42,29.2747,82.1838,59.79,7,0,3.47
427,Esperance,AU,2021-04-04 04:05:42,-33.8667,121.9,75.2,53,47,16.11
428,Pocone,BR,2021-04-04 04:05:42,-16.2567,-56.6228,73.13,89,97,3.31
429,Kashi,CN,2021-04-04 04:05:43,39.4547,75.9797,41.0,75,75,6.71
430,Beyneu,KZ,2021-04-04 04:05:43,45.3167,55.2,46.33,69,53,13.71
431,Pangai,TO,2021-04-04 04:05:43,-19.8,-174.35,77.0,83,75,11.5
432,Bowen,AU,2021-04-04 04:05:43,-20.0167,148.2333,78.8,83,90,4.61
433,Port Macquarie,AU,2021-04-04 04:03:22,-31.4333,152.9167,77.0,61,100,8.05
434,Zarechnyy,RU,2021-04-04 04:05:44,53.2036,45.1923,35.01,47,100,5.61
435,Chernyshevskiy,RU,2021-04-04 04:05:44,63.0128,112.4714,2.93,84,100,5.57
436,Cukai,MY,2021-04-04 04:05:44,4.25,103.4167,80.6,94,40,4.61
437,Darnah,LY,2021-04-04 04:05:45,32.767,22.6367,67.23,35,17,27.36
438,Constitucion,CL,2021-04-04 04:05:45,-35.3333,-72.4167,55.96,71,0,4.92
439,Liberal,US,2021-04-04 04:02:36,37.0431,-100.921,57.2,62,1,11.5
440,Havelock,US,2021-04-04 04:05:46,34.8791,-76.9013,46.99,81,1,5.75
441,Krasnoselkup,RU,2021-04-04 04:05:46,65.7,82.4667,31.01,94,100,10.74
442,Kindersley,CA,2021-04-04 04:05:46,51.4668,-109.1682,42.8,49,20,11.5
443,Nefteyugansk,RU,2021-04-04 04:05:46,61.0998,72.6035,37.4,70,0,11.18
444,Vilyuysk,RU,2021-04-04 04:05:47,63.7553,121.6247,4.08,79,100,3.78
445,San Vicente,AR,2021-04-04 04:05:47,-26.6167,-54.1333,62.11,78,12,2.28
446,Douglas,US,2021-04-04 04:05:47,41.3,-96.167,57.0,54,1,4.74
447,Santa Isabel Do Rio Negro,BR,2021-04-04 04:05:48,-0.4139,-65.0192,73.85,98,99,1.86
448,Sakaiminato,JP,2021-04-04 04:05:48,35.55,133.2333,60.8,100,75,4.61
449,Semey,KZ,2021-04-04 04:05:48,50.4111,80.2275,37.4,65,0,8.95
450,Sioux Lookout,CA,2021-04-04 04:02:51,50.1001,-91.917,41.0,42,75,2.68
451,Nalhati,IN,2021-04-04 04:03:15,24.3,87.8167,97.09,5,28,0.22
452,Carutapera,BR,2021-04-04 04:05:49,-1.195,-46.02,75.58,93,69,5.5
453,Wakkanai,JP,2021-04-04 04:05:49,45.4094,141.6739,42.8,36,0,12.66
454,Wamba,NG,2021-04-04 04:05:49,8.9333,8.6,76.17,17,93,2.33
455,Catamarca,AR,2021-04-04 04:02:09,-28.4696,-65.7852,73.99,75,81,5.99
456,Graaff-Reinet,ZA,2021-04-04 04:05:50,-32.2522,24.5308,60.39,45,0,2.44
457,Kuito,AO,2021-04-04 04:05:50,-12.3833,16.9333,55.89,92,95,3.2
458,Phichit,TH,2021-04-04 04:05:50,16.25,100.4167,88.0,83,20,8.05
459,Macapa,BR,2021-04-04 04:05:02,0.0389,-51.0664,82.4,100,0,3.44
460,Hambantota,LK,2021-04-04 04:05:51,6.1241,81.1185,82.4,74,0,6.91
461,Mercedes,AR,2021-04-04 04:04:22,-34.6515,-59.4307,63.0,91,83,3.0
462,Okhotsk,RU,2021-04-04 04:05:51,59.3833,143.3,29.26,58,100,10.63
463,Taksimo,RU,2021-04-04 04:05:51,56.3444,114.8794,28.4,84,96,1.48
464,Katangli,RU,2021-04-04 04:05:52,51.7102,143.2326,29.55,67,85,23.94
465,Creel,MX,2021-04-04 04:05:52,27.75,-107.6333,47.46,21,0,3.29
466,Ondjiva,AO,2021-04-04 04:05:52,-17.0667,15.7333,63.93,65,5,6.17
467,Svetogorsk,RU,2021-04-04 04:05:53,61.1121,28.8632,30.2,80,20,6.91
468,Kushmurun,KZ,2021-04-04 04:05:53,52.4503,64.6311,36.03,90,100,14.29
469,Katsuura,JP,2021-04-04 04:05:53,35.1333,140.3,71.01,73,75,21.85
470,Dalbandin,PK,2021-04-04 04:05:54,28.8947,64.4101,84.87,14,1,12.97
471,Warrington,GB,2021-04-04 04:03:19,53.3925,-2.5802,41.0,93,43,2.3
472,Santiago,CL,2021-04-04 04:02:54,-33.4569,-70.6483,66.0,59,0,4.61
473,Phan Thiet,VN,2021-04-04 04:05:54,10.9333,108.1,89.67,57,49,15.97
474,Pacifica,US,2021-04-04 04:05:54,37.6138,-122.4869,52.0,76,1,4.61
475,Namatanai,PG,2021-04-04 04:05:55,-3.6667,152.4333,82.11,78,100,9.1
476,Touros,BR,2021-04-04 04:05:55,-5.1989,-35.4608,75.2,94,75,3.44
477,Marsa Matruh,EG,2021-04-04 04:05:55,31.3525,27.2453,59.0,36,0,14.97
478,Marshall,US,2021-04-04 04:05:56,34.3834,-86.3333,50.0,40,1,4.61
479,Skorodnoye,RU,2021-04-04 04:05:56,51.071,37.2276,37.4,70,0,4.47
480,Anupgarh,IN,2021-04-04 04:05:56,29.1911,73.2086,85.33,6,0,10.85
481,Porto Novo,BJ,2021-04-04 04:05:57,6.4965,2.6036,79.32,86,41,5.37
482,Viking,CA,2021-04-04 04:05:57,53.1001,-111.7684,44.6,45,91,11.5
483,Deputatskiy,RU,2021-04-04 04:05:57,69.3,139.9,0.39,91,100,4.43
484,Nisia Floresta,BR,2021-04-04 04:05:58,-6.0911,-35.2086,77.0,94,75,3.44
485,Tambo,PE,2021-04-04 04:05:58,-14.8,-73.9167,36.43,81,100,6.08
486,Olenino,RU,2021-04-04 04:05:58,56.2092,33.4889,29.71,89,95,3.76
487,Memmingen,DE,2021-04-04 04:05:58,47.9837,10.1853,28.99,93,0,2.3
488,Langham,CA,2021-04-04 04:05:59,52.3668,-106.9679,41.0,48,40,8.05
489,Gweta,BW,2021-04-04 04:05:59,-20.1833,25.2333,68.77,52,0,6.71
490,San Jose,US,2021-04-04 04:02:04,37.3394,-121.895,55.4,58,75,12.66
491,Shimoda,JP,2021-04-04 04:05:59,34.6667,138.95,68.0,77,75,11.5
492,Baykit,RU,2021-04-04 04:06:00,61.67,96.37,31.39,83,98,4.47
493,Richards Bay,ZA,2021-04-04 04:06:00,-28.783,32.0377,64.33,78,8,4.76
494,Ngunguru,NZ,2021-04-04 04:06:00,-35.6167,174.5,75.99,51,1,8.99
495,Alice Town,BS,2021-04-04 04:06:01,25.7167,-79.3,69.57,59,100,22.75
496,Pacific Grove,US,2021-04-04 04:05:12,36.6177,-121.9166,53.6,66,1,3.44
497,Colares,PT,2021-04-04 04:06:01,38.7992,-9.4469,55.0,87,6,8.01
498,Sarti,GR,2021-04-04 04:06:02,40.1,23.9833,55.87,85,99,3.42
499,Simi,SL,2021-04-04 04:06:02,9.5667,-12.35,77.67,82,15,4.25
500,Praya,CV,2021-04-04 04:06:02,14.9215,-23.5087,75.2,43,0,18.41
501,Jhelum,PK,2021-04-04 04:06:03,32.9331,73.7264,79.45,15,84,5.3
502,Ust-Koksa,RU,2021-04-04 04:06:03,50.2696,85.6108,33.31,58,1,2.21
503,Artesia,US,2021-04-04 04:01:48,33.8658,-118.0831,62.01,76,1,3.44
504,Belmonte,BR,2021-04-04 04:06:03,-15.8631,-38.8828,75.2,88,20,3.44
505,Bundaberg,AU,2021-04-04 04:06:04,-24.85,152.35,71.6,100,90,16.11
506,Kampot,KH,2021-04-04 04:06:04,10.6167,104.1833,93.2,52,40,10.36
507,Alexander City,US,2021-04-04 04:06:04,32.944,-85.9539,42.8,75,1,0.47
508,Pozhva,RU,2021-04-04 04:06:05,59.0912,56.0847,32.5,96,100,7.99
509,North Bend,US,2021-04-04 04:06:05,43.4065,-124.2243,50.0,87,75,5.75
510,Puerto Baquerizo Moreno,EC,2021-04-04 04:03:28,-0.9,-89.6,76.75,88,50,6.33
511,Akyab,MM,2021-04-04 04:06:05,20.15,92.9,85.51,62,28,4.41
512,Dinkelsbuhl,DE,2021-04-04 04:06:06,49.0694,10.3199,32.0,100,75,4.61
513,Pontal Do Parana,BR,2021-04-04 04:06:06,-25.6533,-48.5128,60.01,85,58,17.0
514,Roebourne,AU,2021-04-04 04:06:06,-20.7833,117.1333,95.86,22,68,11.83
515,Channel-Port Aux Basques,CA,2021-04-04 04:06:07,47.5702,-59.1367,35.67,97,100,21.88
516,Sorong,ID,2021-04-04 04:05:16,-0.8833,131.25,84.67,71,94,5.19
517,Soe,ID,2021-04-04 04:06:07,-9.8607,124.284,67.95,92,100,9.22
518,Neiafu,TO,2021-04-04 04:06:07,-18.65,-173.9833,77.0,94,75,5.75
519,Antofagasta,CL,2021-04-04 04:03:09,-23.65,-70.4,64.4,77,90,5.75
520,Conceicao Do Araguaia,BR,2021-04-04 04:06:08,-8.2578,-49.2647,76.69,82,78,3.18
521,Kidal,ML,2021-04-04 04:06:08,18.4411,1.4078,74.66,9,0,9.89
522,Malmesbury,ZA,2021-04-04 04:06:08,-33.4608,18.7271,64.4,94,75,5.75
523,Saint-Joseph,RE,2021-04-04 04:06:09,-21.3667,55.6167,80.6,61,0,5.75
524,Atkinson,US,2021-04-04 04:04:14,42.8384,-71.147,33.01,55,1,3.44
525,Husavik,IS,2021-04-04 04:06:09,66.0449,-17.3389,21.2,79,90,21.85
526,Lompoc,US,2021-04-04 04:06:09,34.6391,-120.4579,50.0,81,10,9.48
527,Altus,US,2021-04-04 04:06:10,34.6381,-99.334,62.6,63,1,12.66
528,Nueva Loja,EC,2021-04-04 04:06:10,0.0847,-76.8828,71.11,96,100,1.9
529,Vieques,PR,2021-04-04 04:06:10,18.425,-65.8329,77.0,78,20,6.44
530,Monzon,ES,2021-04-04 04:06:11,41.9108,0.1941,44.01,87,0,2.3
531,Boca Do Acre,BR,2021-04-04 04:06:11,-8.7522,-67.3978,72.59,99,100,1.95
532,Garowe,SO,2021-04-04 04:06:11,8.4054,48.4845,74.66,74,49,7.31
533,Marsh Harbour,BS,2021-04-04 04:05:25,26.5412,-77.0636,67.48,55,35,21.59
534,Ararat,AM,2021-04-04 04:06:12,39.8317,44.7049,37.4,75,20,1.14
535,Miranda De Ebro,ES,2021-04-04 04:06:12,42.6865,-2.947,43.0,87,75,4.61
536,Grindavik,IS,2021-04-04 04:06:12,63.8424,-22.4338,28.4,69,75,27.63
537,Tungor,RU,2021-04-04 04:06:13,53.3808,142.9564,24.28,85,100,31.56
538,Kapuskasing,CA,2021-04-04 04:06:13,49.4169,-82.4331,37.4,80,100,4.61
539,Keti Bandar,PK,2021-04-04 04:06:13,24.1447,67.4497,85.42,52,0,8.52
540,Seaford,GB,2021-04-04 04:06:14,50.7714,0.1027,42.01,72,28,1.99
541,Jacksonville,US,2021-04-04 04:04:35,30.3322,-81.6556,55.99,71,20,5.75
542,Tzintzuntzan,MX,2021-04-04 04:06:14,19.6167,-101.5833,68.0,30,20,4.61
543,Mackay,AU,2021-04-04 04:06:14,-21.15,149.2,80.6,74,90,13.8
544,Moses Lake,US,2021-04-04 04:06:15,47.1301,-119.2781,57.2,41,1,5.75
545,Salta,AR,2021-04-04 04:01:19,-24.7859,-65.4117,62.6,94,75,4.61
546,Kasempa,ZM,2021-04-04 04:06:15,-13.4584,25.8338,59.31,82,100,5.3
547,Carpinteria,US,2021-04-04 04:02:31,34.3989,-119.5185,60.01,61,5,3.13
548,Gao,ML,2021-04-04 04:02:11,16.6362,1.637,73.02,9,0,11.07
549,Rockhampton,AU,2021-04-04 04:06:16,-23.3833,150.5,77.0,83,90,16.11
550,Hobyo,SO,2021-04-04 04:06:16,5.3505,48.5268,83.21,68,91,7.09
551,Ambilobe,MG,2021-04-04 04:06:16,-13.2,49.05,74.35,89,8,2.75
552,Yabrud,SY,2021-04-04 04:06:17,33.9674,36.6574,36.0,93,3,0.76
553,Puerto Madero,MX,2021-04-04 04:06:17,14.7208,-92.4215,80.6,83,40,0.51
554,Tripoli,LY,2021-04-04 04:06:00,32.8752,13.1875,75.63,26,100,19.86
555,Yunhe,CN,2021-04-04 04:06:17,34.0833,119.7167,56.34,31,0,18.01
556,Mehriz,IR,2021-04-04 04:06:18,31.5917,54.4318,51.8,32,4,9.22
557,Zheleznodorozhnyy,RU,2021-04-04 04:06:18,55.7503,38.0042,36.0,93,35,2.24
558,Bellevue,US,2021-04-04 04:05:32,47.6104,-122.2007,55.4,76,90,4.61
559,Vila Franca Do Campo,PT,2021-04-04 04:06:18,37.7167,-25.4333,60.8,88,75,23.02
560,Paraiso,CR,2021-04-04 04:06:19,9.8383,-83.8656,68.0,68,0,16.11
561,Fukue,JP,2021-04-04 04:06:19,32.6881,128.8419,60.8,88,75,8.05
562,Kedrovka,RU,2021-04-04 04:06:20,55.5333,86.05,32.0,69,0,4.47
563,Chaupimarca,PE,2021-04-04 04:06:20,-10.4333,-76.5333,37.33,95,100,2.19
564,Scicli,IT,2021-04-04 04:06:20,36.7902,14.7014,46.4,93,93,3.44
565,Sembe,CG,2021-04-04 04:06:20,1.6481,14.5806,69.87,97,90,1.34
566,Chester,US,2021-04-04 04:06:21,40.1254,-75.8749,42.8,42,75,2.17
567,Santa Maria,BR,2021-04-04 04:06:21,-29.6842,-53.8069,66.2,100,0,6.91
568,Cayenne,GF,2021-04-04 04:06:21,4.9333,-52.3333,80.01,94,75,11.52
569,Port Hedland,AU,2021-04-04 04:06:22,-20.3167,118.5667,98.6,23,90,16.11
570,Hofn,IS,2021-04-04 04:06:22,64.2539,-15.2082,26.22,62,4,25.21
571,Chake Chake,TZ,2021-04-04 04:06:22,-5.2459,39.7666,78.12,86,8,6.89
572,Great Yarmouth,GB,2021-04-04 04:06:23,52.6083,1.7305,41.0,75,90,3.44
573,Eyl,SO,2021-04-04 04:06:23,7.9803,49.8164,80.11,73,52,3.71
574,Grafton,US,2021-04-04 04:06:23,42.207,-71.6856,35.6,35,1,8.05
575,Kushima,JP,2021-04-04 04:06:24,31.4583,131.2333,69.8,94,75,8.05
576,Dasoguz,TM,2021-04-04 04:06:24,41.8363,59.9666,48.2,81,99,20.71
577,Sangar,RU,2021-04-04 04:06:24,63.9242,127.4739,-0.2,86,98,3.65
578,Gotsu,JP,2021-04-04 04:06:25,35.0,132.2167,59.0,100,75,6.91
579,Kaka,TM,2021-04-04 04:06:25,37.3482,59.6143,53.55,74,98,12.08
580,Yatou,CN,2021-04-04 04:06:25,37.15,122.3833,50.25,33,0,24.61
581,Chernaya Kholunitsa,RU,2021-04-04 04:06:26,58.8511,51.7154,31.24,93,100,5.55
582,Meadow Lake,US,2021-04-04 04:06:26,34.8014,-106.5436,66.2,26,20,11.5
583,Severodvinsk,RU,2021-04-04 04:06:26,64.5635,39.8302,28.4,80,75,2.24
584,Hearst,CA,2021-04-04 04:06:26,49.6835,-83.6665,33.8,69,100,2.3
585,Miri,MY,2021-04-04 04:06:27,4.4148,114.0089,87.8,66,40,4.61
586,Qarayeri,AZ,2021-04-04 04:06:16,40.7886,46.3066,53.6,50,20,9.22
